,fold,accuracy,precision,recall,f1_score,confusion_matrix,roc_auc_score
0,9,0.933028048082427,0.938797783062548,0.936495225765485,0.9375497300133555,"[[202   0   1   0   5   0   0   4   2   3]
 [  0  79   0   0   1   0   0   1   0   2]
 [  2   0 165   6   0   1   0   0   3   8]
 [  0   1   7 210   1   1   0   1   1   3]
 [  0   0   1   2 175   0   0  10   0   0]
 [  2   1   1   1   1 173   0   2   1   0]
 [  0   0   0   2   0   0  85   0   0   0]
 [  2   0   0   0   7   0   0 177   0   2]
 [  1   0   4   5   0   1   0   0 185   0]
 [  2   1   8   3   0   2   0   0   1 179]]",0.9956673530144089
